title,tmdbId,rating,runtime,release_year
Star Wars,11,4.099823550170574,121,1977
The Godfather,238,4.317030403371464,175,1972
The Godfather Part II,240,4.264468465124912,202,1974
Taxi Driver,103,4.076663846972468,114,1976
One Flew Over the Cuckoo's Nest,510,4.204229458198778,133,1975
Jaws,578,3.785016230992653,124,1975
Apocalypse Now,28,4.1199028230518495,147,1979
The Exorcist,9552,3.757714442312963,122,1973
Rocky,1366,3.7429648970118947,119,1976
Grease,621,3.307592729578357,110,1978
Halloween,948,3.5830747833529486,91,1978
The Aristocats,10112,3.39313735746417,78,1970
Robin Hood,11886,3.696573025444918,83,1973
Rocky II,1367,3.2270408163265314,118,1979
Close Encounters of the Third Kind,840,3.7790736794886164,135,1977
Annie Hall,703,4.033405785851057,93,1977
Chinatown,829,4.154630969609264,130,1974
Carrie,7340,3.481784728610856,98,1976
Willy Wonka & the Chocolate Factory,252,3.7156561780506534,99,1971
Young Frankenstein,3034,3.9769810496422924,106,1974
The Texas Chain Saw Massacre,30497,3.3644584876879504,83,1974
Dog Day Afternoon,968,3.9614462852974888,125,1975
Escape from Alcatraz,10734,3.7785374554102256,113,1979
The Sting,9277,4.143217854039965,129,1973
The Rescuers,11319,3.456915180983253,78,1977
Dirty Harry,984,3.7681103871215034,102,1971
Eraserhead,985,3.6517051705170522,89,1977
Manhattan,696,4.038351431391907,96,1979
Kramer vs. Kramer,12102,3.730073391363714,105,1979
The Warriors,11474,3.6952879581151827,94,1979
Mean Streets,203,3.769848156182212,111,1973
The Omen,794,3.573304960375698,111,1976
Saturday Night Fever,11009,3.274920634920635,119,1977
Papillon,5924,3.9573055028463,151,1973
Jaws 2,579,2.5997579180956225,116,1978
Duel,839,3.6897138964577656,89,1971
Blazing Saddles,11072,3.864388173302108,93,1974
The French Connection,1051,3.9277682963557865,104,1971
All the President's Men,891,4.028689831048773,138,1976
Star Trek: The Motion Picture,152,3.100027966812715,132,1979
Network,10774,4.0111667859699365,122,1976
The Conversation,592,4.024679430880028,113,1974
Deliverance,10669,3.800484822934233,109,1972
Animal House,8469,3.784760761961901,109,1978
American Graffiti,838,3.7729107312440644,110,1973
Westworld,2362,3.423751007252217,89,1973
Soylent Green,12101,3.4979457682826625,97,1973
Beneath the Planet of the Apes,1685,2.898198198198198,95,1970
Badlands,3133,3.9830295411690773,94,1974
High Plains Drifter,11901,3.8161577608142494,105,1973
The Outlaw Josey Wales,10747,3.9155189375307438,135,1976
Three Days of the Condor,11963,3.9438911829001704,117,1975
Patton,11202,4.023717595146167,172,1970
Harold and Maude,343,3.9678714859437756,91,1971
Marathon Man,10518,3.846003422146174,125,1976
Assault on Precinct 13,17814,3.538233110616184,91,1976
Magnum Force,10648,3.5879732739420938,124,1973
Invasion of the Body Snatchers,11850,3.6784394250513346,116,1978
M*A*S*H,651,3.880676328502416,116,1970
Escape from the Planet of the Apes,1687,3.0299489658877246,98,1971
Days of Heaven,16642,3.945900857959961,94,1978
Bedknobs and Broomsticks,12335,3.3516307823491807,117,1971
THX 1138,636,3.4584969153112732,86,1971
Logan's Run,10803,3.4383423180593,119,1976
The Towering Inferno,5919,3.025897319400273,165,1974
Everything You Always Wanted to Know About Sex *But Were Afraid to Ask,11624,3.5075949367088604,88,1972
Conquest of the Planet of the Apes,1688,2.8396739130434785,88,1972
The Amityville Horror,11449,2.942273534635879,118,1979
Cabaret,10784,3.866514008620689,124,1972
Battle for the Planet of the Apes,1705,2.7735426008968616,93,1973
The Poseidon Adventure,551,3.3131144500092757,117,1972
The Enforcer,10649,3.4620024125452353,96,1976
The Hills Have Eyes,12262,3.012355848434926,90,1977
Love and Death,11686,3.947565543071161,85,1975
King Kong,10730,2.771970705725699,134,1976
The Jerk,6471,3.633817817316125,94,1979
Death Wish,13939,3.228005865102639,93,1974
Murder by Death,6037,3.6824489795918374,94,1976
Sleeper,11561,3.828878061627601,87,1973
Bananas,11302,3.7018990504747626,82,1971
Smokey and the Bandit,11006,3.2439862542955327,96,1977
Kelly's Heroes,11589,3.7763374485596706,144,1970
Paper Moon,11293,3.8937610359034722,102,1973
Exorcist II: The Heretic,11586,1.918110918544194,118,1977
Love Story,9062,3.187555163283319,99,1970
Pete's Dragon,11114,3.084094802969732,128,1977
The Andromeda Strain,10514,3.647843485993775,131,1971
Damien: Omen II,10766,2.9121482498284146,107,1978
Phantasm,9638,3.1851683348498643,89,1979
The Last House on the Left,15516,2.9960380348652933,84,1972
The Last Picture Show,25188,3.9810146280734515,119,1971
Phantom of the Paradise,27327,3.458724202626642,92,1974
Piranha,24831,2.3779069767441863,94,1978
Little Big Man,11040,3.9620875263281077,139,1970
1941,11519,2.821818181818182,118,1979
Jeremiah Johnson,11943,3.767175572519084,108,1972
The Muppet Movie,11176,3.6832563348733016,97,1979
The Long Goodbye,1847,3.851182197496523,112,1973
Day of the Woman,25239,2.7354771784232366,101,1978
"Play It Again, Sam",11610,3.839300244100895,85,1972
Silent Running,811,3.4564823209428837,89,1972
Up in Smoke,11455,3.405338953284159,86,1978
Jesus Christ Superstar,12545,3.442234848484849,108,1973
Fiddler on the Roof,14811,3.9018456375838926,179,1971
Dark Star,1410,3.3465491923641704,83,1974
The Getaway,5916,3.608088235294118,123,1972
The Omega Man,11234,3.413945049248316,98,1971
The Gauntlet,17689,3.2232824427480917,109,1977
Thunderbolt and Lightfoot,8348,3.3892365456821025,115,1974
Five Easy Pieces,26617,3.8878116343490303,98,1970
...And Justice for All,17443,3.6270801815431164,119,1979
Pink Flamingos,692,3.3002726653033405,93,1972
Sorcerer,38985,3.7881136950904395,121,1977
The Taking of Pelham One Two Three,8333,3.8016940707523665,104,1974
The Great Gatsby,11034,3.1821329639889195,144,1974
Play Misty for Me,15393,3.5220372184133204,102,1971
All That Jazz,16858,3.7661841576196213,123,1979
The Black Hole,9570,2.833263069139966,98,1979
The Star Wars Holiday Special,74849,1.3971774193548387,97,1978
Death Race 2000,13282,3.2391581632653064,80,1975
A Woman Under the Influence,29845,3.9861717612809313,155,1974
The Way We Were,10236,3.4749216300940433,118,1973
Pumping Iron,5205,3.5661157024793386,86,1977
The China Syndrome,988,3.6482813749000798,122,1979
Every Which Way but Loose,15417,2.765193370165745,110,1978
"New York, New York",12637,3.1644144144144146,163,1977
Family Plot,5854,3.2268326417704016,120,1976
The Beguiled,31906,3.478723404255319,105,1971
Vanishing Point,11951,3.5735294117647056,99,1971
Alice Doesn't Live Here Anymore,16153,3.649645390070922,112,1974
French Connection II,10711,3.2591463414634148,119,1975
Klute,466,3.757859132510942,114,1971
Herbie Rides Again,10869,2.7481320049813203,88,1974
Coma,11223,3.316857899382171,113,1978
Zabriskie Point,2998,3.5144628099173554,113,1970
Pat Garrett & Billy the Kid,11577,3.528186274509804,116,1973
Orca,12707,2.4065040650406506,95,1977
Heaven Can Wait,12185,3.5335241210138997,101,1978
Walkabout,36040,3.8516896120150186,95,1971
McCabe & Mrs. Miller,29005,3.817030053034767,120,1971
Charlotte's Web,15171,3.5552674230145875,94,1973
Nashville,3121,3.8942232630757214,160,1975
Airport,10671,3.067695214105793,137,1970
Johnny Got His Gun,16328,3.6877076411960132,112,1971
The Eiger Sanction,20187,3.1870967741935483,129,1975
The Sugarland Express,5121,3.4156118143459917,110,1974
Sisters,22307,3.3826219512195124,93,1972
"What's Up, Doc?",6949,3.7111913357400725,94,1972
Slap Shot,11590,3.6779737675260065,123,1977
The Crazies,29425,3.1836363636363636,103,1973
The Fury,12611,3.087878787878788,118,1978
Convoy,9584,2.837979094076655,110,1978
Shaft,482,3.277402402402403,100,1971
The Last Detail,14886,3.8545655375552283,104,1973
Joe Kidd,14881,3.195852534562212,88,1972
The Front Page,987,3.4761904761904763,105,1974
A Boy and His Dog,4917,3.3689248895434463,90,1975
The Shootist,12584,3.697530864197531,100,1976
Interiors,15867,3.5185979971387695,93,1978
High Anxiety,12535,3.3250478011472273,94,1977
Time After Time,24750,3.5649419218585,112,1979
Fritz the Cat,12593,3.095950704225352,78,1972
Earthquake,11123,2.6910785619174433,123,1974
Silver Streak,11558,3.45530303030303,114,1976
Herbie Goes to Monte Carlo,14140,2.5842992623814545,105,1977
The Panic in Needle Park,27554,3.5620567375886525,110,1971
The Kentucky Fried Movie,11598,3.379406307977737,83,1977
Futureworld,10640,2.969465648854962,108,1976
The Stepford Wives,12223,3.2951935346660997,117,1975
Catch-22,10364,3.6755386565272494,121,1970
Silent Movie,10970,3.266899766899767,87,1976
The Bad News Bears,23479,3.3998028909329836,102,1976
Hercules in New York,5227,1.9142857142857141,92,1970
Midway,11422,3.5669934640522873,132,1976
Night Moves,32042,3.5866834170854274,100,1975
The Parallax View,17365,3.6143497757847536,102,1974
Airport '77,7227,2.4578402366863905,114,1977
The Black Stallion,17264,3.6114457831325297,118,1979
Scarecrow,31587,3.6755555555555555,112,1973
The Longest Yard,4985,3.515817901234567,121,1974
The Car,24655,2.882978723404255,96,1977
Attack of the Killer Tomatoes!,2182,2.503100775193797,87,1978
3 Women,41662,3.900170648464164,124,1977
Obsession,4780,3.3098591549295775,99,1976
The Mechanic,19403,3.407185628742515,100,1972
Tourist Trap,13570,3.032051282051282,90,1979
Woodstock,9459,3.9046822742474916,225,1970
The Last Waltz,13963,3.982698961937716,117,1978
Breaking Away,20283,4.000741619697418,100,1979
Martin,26517,3.319672131147541,96,1977
Freaky Friday,16084,3.078907815631263,95,1976
Airport 1975,27932,2.5606488011283495,107,1974
Magic,34193,3.182170542635659,107,1978
Hardcore,42172,3.3179487179487177,108,1979
Lenny,27094,3.748641304347826,111,1974
The Killing of a Chinese Bookie,32040,3.710059171597633,135,1976
"Alice, Sweet Alice",23761,2.975,108,1976
The Wiz,24961,2.577049180327869,134,1978
Rio Lobo,26593,3.346330275229358,114,1970
When a Stranger Calls,45964,3.0993377483443707,97,1979
Demon Seed,18775,3.0204918032786887,94,1977
Charley Varrick,27331,3.5717391304347825,111,1973
10,9051,2.8742442563482467,122,1979
The Cowboys,15573,3.6428571428571432,131,1972
Coffy,22021,3.3161157024793386,90,1973
Le Mans,5920,3.246212121212121,104,1971
Two-Lane Blacktop,27236,3.599290780141844,102,1971
Robin and Marian,10786,3.2133507853403143,106,1976
Slaughterhouse-Five,24559,3.63564875491481,100,1972
Opening Night,33665,3.830508474576271,144,1977
A Star Is Born,19610,2.808411214953271,139,1976
The Deep,20416,2.9693877551020407,123,1977
Foul Play,15659,3.4974704890387858,116,1978
Jesus,45139,3.5625,117,1979
Grey Gardens,17346,3.814744801512288,95,1976
Big Jake,21717,3.4699999999999998,110,1971
Colossus: The Forbin Project,14801,3.4948453608247423,100,1970
Shampoo,31121,3.2370600414078674,110,1975
The Bugs Bunny/Road Runner Movie,20007,3.3394160583941606,98,1979
Boxcar Bertha,22784,2.8,88,1972
The Missouri Breaks,42252,2.9545454545454546,126,1976
F.I.S.T.,28932,2.75,145,1978
It's Alive,28153,2.7337662337662336,91,1974
The Ballad of Cable Hogue,23330,3.5266990291262137,121,1970
Foxy Brown,22048,3.2296819787985864,94,1974
Escape to Witch Mountain,14821,3.143853211009175,97,1975
Eyes of Laura Mars,29143,3.157337367624811,104,1978
Rolling Thunder,21948,3.4969512195121952,99,1977
Hard Times,22094,3.4146341463414633,93,1975
The Champ,30547,3.0925373134328362,121,1979
Rooster Cogburn,17538,3.4307432432432434,107,1975
The Sentinel,18196,3.078767123287671,92,1977
The Wanderers,233,3.4587628865979383,117,1979
Coming Home,31657,3.6708860759493662,127,1978
Soldier Blue,14384,3.257142857142857,112,1970
Beyond the Valley of the Dolls,5722,3.2264808362369335,109,1970
The Town That Dreaded Sundown,48197,2.6492537313432836,86,1976
Chisum,38765,3.2942857142857145,111,1970
Wizards,16220,3.160377358490566,80,1977
"Hi, Mom!",42589,3.2209302325581395,87,1970
Breakheart Pass,8043,3.3057142857142856,95,1975
Big Wednesday,18387,3.484536082474227,120,1978
Battlestar Galactica,148980,3,125,1978
The Wind and the Lion,14815,3.5294117647058822,119,1975
Eaten Alive,30062,2.5736842105263156,91,1976
The Friends of Eddie Coyle,25680,3.6576354679802954,102,1973
The Concorde... Airport '79,29723,2.032352941176471,123,1979
Female Trouble,14267,3.718571428571429,98,1974
Norma Rae,40842,3.6608140462889067,110,1979
Let's Scare Jessica to Death,16154,3.2362637362637363,89,1971
Straight Time,23397,3.714285714285714,114,1978
The Swarm,46878,2.041062801932367,116,1978
Gimme Shelter,132,3.8459752321981426,92,1970
The Driller Killer,13553,2.740740740740741,96,1979
Carnal Knowledge,36492,3.5464620630861043,98,1971
Punishment Park,26513,3.533980582524272,88,1971
Mr. Majestyk,26173,3.0796178343949046,103,1974
The Goodbye Girl,14741,3.6129136924075267,111,1977
Faces of Death,12237,1.9458204334365323,105,1978
Gone in 60 Seconds,16246,3.222477064220184,105,1974
Blue Collar,14839,3.678117048346056,114,1978
The Front,1723,3.6703125,95,1976
The Candidate,21711,3.624738493723849,110,1972
Blacula,30566,2.493710691823899,93,1972
The Anderson Tapes,30941,3.3536585365853657,99,1971
A New Leaf,36850,3.5633333333333335,102,1971
Spider-Man,225914,3.0384615384615383,92,1977
Summer of '42,41357,3.5475609756097564,103,1971
The Island of Dr. Moreau,26932,2.897590361445783,99,1977
Benji,23069,2.8809523809523814,86,1974
The Frisco Kid,16972,3.302919708029197,119,1979
Fat City,16993,3.6530054644808745,97,1972
Rollercoaster,10670,2.6484375,119,1977
The Last Tycoon,37774,2.954022988505747,123,1976
The Villain,163907,2.584070796460177,89,1979
Meteor,40160,2.4235668789808913,107,1979
Black Sunday,50374,3.263157894736842,143,1977
The Electric Horseman,11145,3.0872093023255816,122,1979
Cahill U.S. Marshall,30708,3.0943396226415096,103,1973
"Farewell, My Lovely",1835,3.6440677966101696,95,1975
Julia,42222,3.552980132450331,117,1977
Rock 'n' Roll High School,26326,3.3953125,93,1979
Grizzly,55784,2.638888888888889,91,1976
Husbands,52105,3.6952380952380954,131,1970
The Life and Times of Judge Roy Bean,33638,3.388111888111888,120,1972
Super Fly,21968,3.2724867724867726,91,1972
Mikey and Nicky,59143,3.66025641025641,106,1976
The Other,35280,3.2346153846153847,108,1972
Ulzana's Raid,42491,3.4,103,1972
God Told Me To,31579,2.982905982905983,91,1976
The Train Robbers,40682,3.033333333333333,92,1973
Wanda,80560,3.6,103,1970
"Snoopy, Come Home",15242,3.3671875,81,1972
Frogs,18274,2.206422018348624,90,1972
Someone's Watching Me!,31428,3.1785714285714284,97,1978
Goin' South,34130,3.0555555555555554,109,1978
Paradise Alley,23916,2.515151515151515,107,1978
The Last of Sheila,26331,3.5738636363636362,123,1973
Over the Edge,23957,3.6951219512195124,95,1979
The Incredible Hulk,65294,2.9583333333333335,95,1977
The Hindenburg,17599,2.80625,125,1975
Audrey Rose,49126,2.9027149321266967,113,1977
Breezy,40374,3.1037735849056602,108,1973
Emperor of the North,31943,3.2928571428571427,118,1973
Race with the Devil,32051,3.061111111111111,88,1975
The Out-of-Towners,20444,3.4398625429553267,98,1970
The Cat from Outer Space,19378,2.8947990543735234,104,1978
Walking Tall,25473,3.3974358974358974,125,1973
Supervixens,5725,2.830508474576271,106,1975
The Twelve Chairs,24918,3.5174262734584447,94,1970
Mandingo,38027,2.6333333333333333,127,1975
Hooper,16214,3.191666666666667,99,1978
The Apple Dumpling Gang,18660,2.959668803418803,100,1975
Dolemite,19174,2.9551282051282053,90,1975
Kingdom of the Spiders,30315,2.513888888888889,97,1977
The Rose,16323,3.1715867158671585,125,1979
Dirty Mary Crazy Larry,19017,2.964788732394366,93,1974
California Split,32044,3.647342995169082,108,1974
Richard Pryor: Live in Concert,22975,3.7559055118110236,78,1979
Elvis,40047,3.369047619047619,168,1979
There Was a Crooked Man...,27172,3.0833333333333335,123,1970
The Seven-Ups,32080,3.25,103,1973
Messiah of Evil,24923,3.0526315789473686,89,1973
Beyond the Poseidon Adventure,31638,1.9897959183673468,114,1979
The Night Stalker,15360,3.3395061728395063,74,1972
The White Buffalo,47914,3.033333333333333,97,1977
Killer of Sheep,27432,3.372950819672131,80,1978
The Drowning Pool,32620,3.2708333333333335,109,1975
Empire of the Ants,42218,2.1401273885350323,89,1977
Coonskin,27716,3.176470588235294,83,1975
"Oh, God!",24032,3.1617954070981207,98,1977
Squirm,25241,2.425925925925926,92,1976
Bite the Bullet,32617,3.094736842105263,132,1975
Gates of Heaven,24998,3.7710843373493974,85,1978
Shock Waves,26680,2.6267605633802815,85,1977
The Buddy Holly Story,24153,3.602343211578221,114,1978
The Food of the Gods,42245,2.4715909090909087,88,1976
The Killer Elite,31604,3.0491803278688527,122,1975
The Honeymoon Killers,10237,3.384920634920635,108,1970
Willard,42532,2.7954545454545454,95,1971
Don't Go in the House,39867,2.715686274509804,82,1979
Sweet Sweetback's Baadasssss Song,5822,2.861111111111111,97,1971
The Paper Chase,14328,3.801479654747226,113,1973
Across 110th Street,23847,3.3884892086330938,102,1972
The Boy in the Plastic Bubble,9878,2.8,96,1976
The In-Laws,19827,3.728048780487805,103,1979
Lawman,42500,3.111111111111111,99,1971
Car Wash,15462,2.859504132231405,97,1976
The Toolbox Murders,27495,2.4761904761904763,93,1978
I Wanna Hold Your Hand,55457,3.20873786407767,99,1978
Prime Cut,27292,3.3214285714285716,84,1972
The Dunwich Horror,65891,2.823529411764706,88,1970
The Wizard of Gore,23506,2.236842105263158,95,1970
Telefon,22090,3,102,1977
Junior Bonner,5927,3.421052631578948,100,1972
Dillinger,28110,3.2065217391304346,107,1973
The Big Bus,19133,2.7889908256880735,88,1976
Night of the Lepus,38761,2.313953488372093,88,1972
The Hot Rock,46059,3.441780821917808,101,1972
The Onion Field,33831,3.7103274559193955,122,1979
Looking for Mr. Goodbar,37749,3.25531914893617,135,1977
Desperate Living,14262,3.774509803921569,90,1977
California Suite,26686,3.040485829959514,103,1978
Harlan County U.S.A.,33324,4.03584229390681,103,1977
The Gambler,44800,3.421232876712329,111,1974
A Force of One,21376,2.2105263157894735,90,1979
Man in the Wilderness,46845,2.857142857142857,104,1971
Scorpio,42738,3.2604166666666665,110,1973
Laserblast,17874,1.9090909090909092,85,1978
Children Shouldn't Play with Dead Things,20842,2.857142857142857,86,1972
Dr. Strange,50468,3.1333333333333333,93,1978
"No Deposit, No Return",21147,3.375,112,1976
Damnation Alley,25763,2.8375,91,1977
Ben,42476,2.4696969696969697,94,1972
The Sunshine Boys,16561,3.4291666666666667,111,1975
More American Graffiti,33258,2.692857142857143,110,1979
The Hospital,32082,3.607894736842105,103,1971
Multiple Maniacs,25625,3.194915254237288,97,1970
The Boys in the Band,34377,3.5219298245614032,118,1970
"Race for Your Life, Charlie Brown",31718,3.415492957746479,76,1977
Love at First Bite,18966,2.703125,96,1979
Flesh Gordon,3687,2.357142857142857,90,1974
Beneath the Valley of the Ultra-Vixens,5157,2.825,93,1979
Wise Blood,42179,3.248031496062992,106,1979
Breakout,31671,2.8955223880597014,96,1975
Bug,62697,2.4893617021276597,99,1975
McQ,26185,3.28125,111,1974
White Lightning,4984,3.0064102564102564,101,1973
Sssssss,70345,2.4285714285714284,99,1973
Death Bed: The Bed That Eats,45795,2.575,77,1977
Hearts and Minds,42449,3.95703125,112,1974
Bloody Mama,31581,2.65,90,1970
Sometimes a Great Notion,40083,3.2093023255813953,114,1971
Stranger in Our House,37938,2.2666666666666666,100,1979
Electra Glide in Blue,26332,3.36,114,1973
Up!,5651,2.7,80,1976
The Day of the Locust,5122,3.276859504132232,145,1975
Don't Be Afraid of the Dark,26015,3,74,1973
Two-Minute Warning,6883,2.9642857142857144,115,1976
Minnie and Moskowitz,24349,3.4640287769784175,115,1971
Bobby Deerfield,42217,3.064516129032258,124,1977
Taking Off,59881,3.5555555555555554,93,1971
Bad Company,31591,3.337078651685393,93,1972
The Switchblade Sisters,52633,2.921630094043887,91,1975
The King of Marvin Gardens,50627,3.3223140495867773,103,1972
The Cheap Detective,14584,2.941780821917808,92,1978
Gray Lady Down,31948,2.7966101694915255,111,1978
The Million Dollar Duck,22777,2.5963636363636367,89,1971
The Heartbreak Kid,40687,3.4495967741935485,105,1972
I Drink Your Blood,27313,2.4791666666666665,86,1970
Save the Tiger,38714,3.268656716417911,100,1973
"Silent Night, Bloody Night",29852,2.287878787878788,85,1972
"Buffalo Bill and the Indians, or Sitting Bull's History Lesson",42233,2.9078947368421053,123,1976
The Six Million Dollar Man,39829,3.111111111111111,74,1973
Brian's Song,18047,3.6605839416058394,73,1971
Harry and Tonto,42448,3.5353982300884956,115,1974
MacArthur,31037,3.1166666666666663,130,1977
The Phantom Tollbooth,28476,3.6108949416342413,90,1970
Valdez Is Coming,21242,3.357142857142857,91,1971
The Great Waldo Pepper,19740,3.356060606060606,108,1975
Good Guys Wear Black,42205,2.341269841269841,95,1978
The Devil's Rain,38701,2.216417910447761,85,1975
Shoot Out,79735,3,94,1971
The Giant Spider Invasion,39154,1.5625,84,1975
The Baby,28156,3,84,1973
The Lords of Flatbush,38925,2.867796610169491,86,1974
The Island at the Top of the World,42453,2.90625,93,1974
They Call Me Mister Tibbs!,34732,2.9782608695652173,108,1970
Gator,21882,2.4302325581395348,115,1976
The Molly Maguires,42345,3.357142857142857,120,1970
The Magnificent Seven Ride!,43417,3.2280701754385963,100,1972
Brewster McCloud,26525,3.404109589041096,105,1970
The Gumball Rally,25305,3.0510204081632653,105,1976
Support Your Local Gunfighter,18287,3.35,91,1971
Stay Hungry,5228,2.661290322580645,102,1976
Butterflies Are Free,55106,3.2741228070175437,109,1972
Elvis: That's the Way It Is,31151,3.384615384615384,109,1970
It Lives Again,28155,2.323529411764706,91,1978
The Night Strangler,32021,3.3152173913043477,90,1973
Real Life,33250,3.6363636363636362,99,1979
1776,14902,3.4767676767676767,180,1972
KISS Meets the Phantom of the Park,39704,2.2083333333333335,96,1979
Breaker! Breaker!,19108,2.074626865671642,86,1977
House of Dark Shadows,71943,2.8947368421052633,97,1970
The Shaggy D.A.,15943,2.7940461725394896,91,1976
Buck Rogers in the 25th Century,3786,2.8857142857142857,98,1979
The Nine Lives of Fritz the Cat,14683,2.765625,77,1974
Hungry Wives,29424,3,104,1972
Too Late the Hero,31935,3.1232876712328768,145,1970
"Same Time, Next Year",37672,3.5197740112994347,119,1978
Thieves Like Us,31656,3.5396825396825395,123,1974
The Cheyenne Social Club,28303,3.2545454545454544,103,1970
Cleopatra Jones,26196,3,89,1973
Billy Jack,21142,2.967791411042944,114,1971
The Party at Kitty and Stud's,4255,0.875,71,1970
Bound for Glory,42232,3.6106719367588935,147,1976
The Hired Hand,42522,3.138888888888889,90,1971
An Unmarried Woman,38731,3.4127906976744184,124,1978
Black Caesar,22029,3.142857142857143,94,1973
The Outfit,26762,3.3870967741935485,103,1973
Beware! The Blob,40983,1.7894736842105263,87,1972
The Legend of Boggy Creek,1842,2.4657534246575343,87,1972
Posse,45874,2.7142857142857144,92,1975
Rudolph and Frosty's Christmas in July,40246,3.1,97,1979
Heavy Traffic,30593,2.9545454545454546,76,1973
Funny Lady,39282,2.93921568627451,136,1975
Quintet,45169,2.7222222222222223,118,1979
The Mephisto Waltz,40158,2,115,1971
Don't Look in the Basement,24097,2.3375,89,1973
The Apple Dumpling Gang Rides Again,22328,2.6227375565610864,88,1979
Girlfriends,111469,3.5384615384615383,86,1978
The New Centurions,37608,2.9411764705882355,103,1972
Scream Blacula Scream,42466,2.265432098765432,96,1973
The Great Santini,21887,3.8318879252835223,115,1979
The Ultimate Warrior,32053,2.423076923076923,94,1975
Lady Sings the Blues,23148,3.5338983050847457,144,1972
Big Bad Mama,45186,2.2142857142857144,83,1974
Avalanche,166680,2.0789473684210527,94,1978
North Dallas Forty,29786,3.254470426409904,119,1979
Freebie and the Bean,20802,2.75,113,1974
Ganja & Hess,83096,3.522727272727273,110,1973
Last Embrace,37923,3.1818181818181817,102,1979
That's Entertainment!,33740,3.873134328358209,135,1974
"Now You See Him, Now You Don't",24236,3.242857142857143,88,1972
Caged Heat,39775,2.4913793103448274,83,1974
Comes a Horseman,42201,3.064516129032258,118,1978
Invasion of the Bee Girls,27084,2.388888888888889,85,1973
Equinox,28681,2.4285714285714284,80,1970
Twilight's Last Gleaming,75938,3.1,146,1977
Go Tell the Spartans,32052,3.1,114,1978
Black Belt Jones,18257,2.8636363636363638,87,1974
The Witch Who Came from the Sea,54109,3,88,1976
The Turning Point,61280,3.42578125,119,1977
Monte Walsh,71244,3.357142857142857,99,1970
Last House on Dead End Street,27328,1.8636363636363635,78,1977
The Effect of Gamma Rays on Man-in-the-Moon Marigolds,88875,3.660569105691057,100,1972
The Prisoner of Second Avenue,19221,3.210526315789474,98,1975
Massacre at Central High,16271,2.764705882352941,87,1976
The Strongest Man in the World,31654,2.8076923076923075,92,1975
The Brink's Job,24429,3.090909090909091,104,1978
The End,35976,3.0755208333333335,100,1978
Raid on Entebbe,31690,3.4705882352941178,145,1976
Spider-Man Strikes Back,225925,3.625,90,1978
Mission Galactica: The Cylon Attack,9640,3.6666666666666665,108,1979
Shaft's Big Score!,493,2.65625,104,1972
Schlock,54123,3.142857142857143,80,1973
From Noon Till Three,6476,3.1206896551724137,99,1976
The Gore Gore Girls,28170,2.4705882352941178,81,1972
Tom Sawyer,42473,3.2916666666666665,103,1973
The Mack,29515,3.175438596491228,110,1973
The Laughing Policeman,29735,3.182926829268293,112,1973
Who'll Stop the Rain,31941,3.538135593220339,126,1978
Shaft in Africa,494,2.68,112,1973
The Doberman Gang,32061,3.5,87,1972
On a Clear Day You Can See Forever,38222,3.2263157894736842,129,1970
Boss Nigger,26905,3,93,1975
The Evil,44698,2.8846153846153846,89,1978
The Return of a Man Called Horse,35200,2.8795620437956204,129,1976
The Late Show,42228,3.5301724137931036,93,1977
Where the Red Fern Grows,26514,3.311111111111111,97,1974
Fingers,63435,3.164285714285714,90,1978
Cockfighter,27658,3.5714285714285716,83,1974
Ice Castles,50541,2.8476027397260273,108,1978
Circle of Iron,23739,3,102,1978
Joe,46691,3.416666666666667,107,1970
Zaat,31116,1.6111111111111112,100,1971
Lemora: A Child's Tale of the Supernatural,31596,3.0833333333333335,85,1973
Bang the Drum Slowly,42459,3.658959537572254,96,1973
The Last Hard Men,38450,2.923076923076923,98,1976
Hustle,4990,2.8125,120,1975
Bad Ronald,56787,3.1666666666666665,74,1974
Buck and the Preacher,26928,2.935185185185185,102,1972
"Count Yorga, Vampire",28733,2.6875,93,1970
Sgt. Pepper's Lonely Hearts Club Band,36759,2.3419452887538,113,1978
Cotton Comes to Harlem,59917,3.189655172413793,97,1970
Devil Times Five,72648,2.8181818181818183,88,1974
Corvette Summer,27201,3.025,105,1978
Grand Theft Auto,19731,2.5774647887323945,84,1977
They Might Be Giants,27841,3.6102362204724407,98,1971
Sugar Hill,54008,2.875,91,1974
Starting Over,54663,2.7884615384615383,105,1979
Cooley High,35711,3.3870967741935485,107,1975
Going in Style,65066,3.4391304347826086,97,1979
The Last Movie,49600,3.015625,108,1971
The Owl and the Pussycat,42597,2.9809782608695654,95,1970
Watermelon Man,42600,3.2333333333333334,100,1970
Drive-In Massacre,30833,2.1666666666666665,74,1976
Boulevard Nights,82744,3,102,1979
Mr. Billion,44699,2.3,89,1977
The Reincarnation of Peter Proud,101422,2.6666666666666665,105,1975
Jonathan Livingston Seagull,56150,2.9827586206896552,99,1973
Truck Turner,22121,3.28125,91,1974
Saint Jack,77166,3.6538461538461537,115,1979
The Day of the Dolphin,42470,3.1707317073170733,104,1973
Dracula vs. Frankenstein,3125,2.1,91,1971
The Great Northfield Minnesota Raid,27349,2.9761904761904763,91,1972
Winter Kills,42178,3.2363636363636363,97,1979
Fairy Tales,29817,2.3333333333333335,82,1978
Gargoyles,41025,2.2142857142857144,74,1972
Pink Narcissus,42497,3.21875,65,1971
Track of the Moon Beast,31134,2.0714285714285716,90,1976
Raid on Rommel,53657,2.875,99,1971
The Fortune,70259,2.8,88,1975
Child's Play,82465,2.892857142857143,100,1972
A Very Natural Thing,44495,2.967391304347826,86,1974
The Image,67018,2.75,89,1975
The Culpepper Cattle Co.,42490,3.25,92,1972
Sounder,42489,3.7214285714285715,105,1972
Skyjacked,87514,2.875,101,1972
Born Innocent,30671,2.7,98,1974
Friday Foster,56539,2.973684210526316,90,1975
Barquero,32142,3.6,105,1970
The Thing with Two Heads,28650,1.9936708860759493,91,1972
The Terminal Man,32940,2.792682926829268,107,1974
St. Ives,37626,3.1842105263157894,94,1976
Thank God It's Friday,42212,2.270833333333333,89,1978
Cuba,62001,2.894230769230769,122,1979
Something Evil,85483,2.6666666666666665,73,1972
Black Samurai,18259,1.8333333333333333,85,1977
The Main Event,42176,2.5992063492063493,112,1979
Semi-Tough,4988,3.0572033898305087,108,1977
A Wedding,45695,3.4619565217391304,125,1978
Blue Sunshine,40955,3.185185185185185,94,1977
Night of Dark Shadows,71945,2.642857142857143,95,1971
The Touch of Satan,31382,1.9642857142857142,90,1971
The Girl Most Likely to...,57873,2.375,74,1973
"Lisa, Lisa",56383,2.5,68,1974
Plaza Suite,42514,3.1684782608695654,114,1971
Executive Action,29142,3.3,91,1973
I Walk the Line,72881,3.1666666666666665,97,1970
The Candy Snatchers,39889,2.8333333333333335,95,1973
The Landlord,64828,3.0714285714285716,112,1970
Blood Freak,83413,2,86,1972
Bad,66489,2.5,105,1977
The Duchess and the Dirtwater Fox,54613,3.1,103,1976
Savage Weekend,94874,1.8636363636363635,87,1979
The Bat People,28159,2.1470588235294117,95,1974
Wild Rovers,42531,2.55,136,1971
Roller Boogie,75759,1.9852941176470589,103,1979
For the Love of Benji,38802,2.6021739130434782,85,1977
Killdozer,20121,2.2,74,1974
Godspell,43158,3.34375,103,1973
Mitchell,32303,1.5722222222222224,97,1975
The Child,83834,2.6,82,1977
Lipstick,59809,2.2454545454545456,89,1976
The Bad News Bears in Breaking Training,19050,2.523504273504274,100,1977
The Return of Count Yorga,28855,3.125,97,1971
Where’s Poppa?,42569,3.517699115044248,82,1970
Parts: The Clonus Horror,98851,2.111111111111111,90,1979
Deathsport,28735,1.8076923076923077,82,1978
Devil Dog: The Hound of Hell,26702,2.6875,95,1978
Doc,83147,3.125,96,1971
Greased Lightning,29737,3.2,96,1977
$,31644,2.7738095238095237,121,1971
What's the Matter with Helen?,42530,2.625,101,1971
Spawn of the Slithis,83172,2.857142857142857,86,1978
Directed by John Ford,94623,3.5476190476190474,110,1971
Seven,102961,3.3333333333333335,100,1979
The Kremlin Letter,45817,2.7222222222222223,120,1970
Busting,84209,3.3076923076923075,92,1974
The House of Seven Corpses,42452,2.3,90,1974
Snowball Express,32140,3.2372881355932206,93,1972
Gus,20639,2.892405063291139,96,1976
Trash,89199,3,110,1970
Fuzz,4986,2.683333333333333,93,1972
Hell Up In Harlem,78076,2.8,94,1973
H.O.T.S.,59181,2.2515723270440255,98,1979
Pretty Maids All in a Row,69321,2.6363636363636362,91,1971
Terminal Island,91618,2.4285714285714284,88,1973
Lost Horizon,97519,2.5,147,1973
The Organization,92272,3.3333333333333335,106,1971
Satan's School for Girls,33543,2.5,78,1973
Petey Wheatstraw,34792,2.8,99,1977
"Cherry, Harry & Raquel!",5742,2.55,71,1970
The Redeemer: Son of Satan!,86332,2.4166666666666665,84,1978
Doc Savage: The Man of Bronze,39554,2.909090909090909,112,1975
The Brotherhood of Satan,42519,3.1875,92,1971
Ransom for a Dead Man,360627,3.357142857142857,95,1972
Moon of the Wolf,49354,1.65,75,1972
The Spikes Gang,38152,2.5,96,1974
Gas! -Or- It Became Necessary to Destroy the World in Order to Save It.,85224,1.875,79,1970
Macon County Line,42450,2.8823529411764706,89,1974
I Never Sang for My Father,92283,3.525,92,1970
The Barefoot Executive,20173,2.8653061224489798,96,1971
The Strawberry Statement,51956,3.5,109,1970
Snowbeast,49353,1.75,86,1977
Ants,67302,3,95,1977
Myra Breckinridge,40973,2.513157894736842,94,1970
"That's Entertainment, Part II",74719,3.693236714975845,126,1976
Smile,42264,3.5172413793103448,113,1975
The Incredible 2-Headed Transplant,86193,1.6666666666666667,87,1971
Billy Two Hats,32143,3.4,99,1974
The Last American Hero,31605,2.7941176470588234,95,1973
The Last Remake of Beau Geste,55628,2.6923076923076925,85,1977
Dead of Night,84898,3.1,76,1977
Diary of a Mad Housewife,31677,3.3541666666666665,95,1970
Fight for Your Life,39342,2.875,82,1977
The Klansman,77765,2.4285714285714284,112,1974
Start the Revolution Without Me,19753,3.4555555555555557,90,1970
Space Is the Place,16203,3.183333333333333,82,1974
Private Parts,24777,2.53125,87,1972
Hickey & Boggs,85126,3.4411764705882355,111,1972
Planet of Dinosaurs,38020,2.1153846153846154,84,1977
"Next Stop, Greenwich Village",31913,3.6818181818181817,111,1976
Swashbuckler,42242,2.9166666666666665,101,1976
Short Eyes,81462,3.25,100,1977
Uptown Saturday Night,29464,3.0878378378378377,104,1974
The Prisoner of Zenda,1732,2.25,108,1979
The Cheerleaders,54396,2.392857142857143,83,1973
The Big Fix,42213,3.0833333333333335,108,1978
The Premonition,139349,3.5,94,1976
The Grissom Gang,79645,2.8333333333333335,128,1971
Darling Lili,42586,2.5,136,1970
Revenge of the Cheerleaders,56675,2.8333333333333335,86,1976
Cinderella,62752,2.5,94,1977
Born to Win,21256,2.782608695652174,88,1971
Barracuda,29957,2.5,98,1978
The Corpse Grinders,27832,2.111111111111111,72,1971
The World's Greatest Lover,45579,2.9,89,1977
200 Motels,27645,2.8372093023255816,98,1971
The Possession of Joel Delaney,29491,2.375,105,1972
Horror of the Blood Monsters,29416,2.3,85,1970
I Never Promised You a Rose Garden,66092,3.202020202020202,96,1977
Scavenger Hunt,23050,2.2777777777777777,116,1979
Night Terror,106284,3,73,1977
Cisco Pike,55044,2.8666666666666667,95,1972
The Dark,87706,2.1666666666666665,92,1979
"Sheba, Baby",34459,2.6333333333333333,90,1975
Halloween with the New Addams Family,107596,3,74,1977
A Gunfight,71654,2.4,89,1971
Nightwing,65603,2.0833333333333335,105,1979
Skin Game,20628,3.269230769230769,102,1971
Imagine,91458,3,68,1972
The Hellstrom Chronicle,17875,2.9375,90,1971
The California Kid,53102,3.75,74,1974
Wonder Woman,161620,2.2333333333333334,75,1974
Embryo,113525,3,104,1976
Napoleon and Samantha,42486,2.909090909090909,92,1972
The Killing Kind,47678,2.5,95,1974
Trouble Man,21949,3,99,1972
Ode to Billy Joe,42239,3.5,105,1976
A Cold Night's Death,100788,3.25,74,1973
Conrack,30702,3.1944444444444446,106,1974
Scream Bloody Murder,79181,2.5,90,1973
Grave of the Vampire,28160,2.7,91,1972
Lifeguard,5002,3.4444444444444446,96,1976
Brass Target,72412,3.4,111,1978
Unidentified Flying Oddball,65596,2.358490566037736,93,1979
Sherlock Holmes in New York,27200,2.9583333333333335,100,1976
Satan's Cheerleaders,29114,2.4166666666666665,92,1977
Where Have All the People Gone,108062,2.75,74,1974
Maid in Sweden,47570,2.2142857142857144,80,1971
Deadly Weapons,50958,1.8,75,1974
International Velvet,42207,3.3333333333333335,127,1978
Act of Vengeance,66765,2.2,90,1974
The World's Greatest Athlete,33331,2.909090909090909,106,1973
Blood and Lace,85496,2.1666666666666665,87,1971
Werewolves on Wheels,56259,2.03125,85,1971
Oklahoma Crude,147106,2.8,108,1973
Claudine,55909,3.2,92,1974
The Evictors,99194,2.625,92,1979
Travels with My Aunt,5183,3.0714285714285716,109,1972
Which Way Is Up?,23312,3.888888888888889,94,1977
Daddy's Deadly Darling,89351,1.1666666666666667,80,1973
Marjoe,38616,3.693877551020408,88,1972
Which Way to the Front?,123961,2.4,96,1970
Frankenstein: The True Story,3105,3,123,1974
Remember My Name,84207,3.4375,94,1978
Criminally Insane,89659,1.6500000000000001,61,1975
Jackson County Jail,21950,3.25,84,1976
Butch and Sundance: The Early Days,37598,2.7058823529411766,111,1979
Fury of the Dragon,53321,3.75,89,1976
The Greek Tycoon,57578,1.5,107,1978
Welfare,90511,3.9523809523809526,167,1975
Bonnie's Kids,84658,2.5833333333333335,105,1973
Thundercrack!,47681,2.75,160,1975
Pets,90949,2.75,102,1973
The Great White Hope,17978,3.191358024691358,103,1970
The Pom Pom Girls,21955,2.3181818181818183,89,1976
The Legend of Lizzie Borden,126706,3.5,96,1975
Rescue from Gilligan's Island,32677,2.576923076923077,95,1978
Poor Pretty Eddie,63317,3,85,1975
Necromancy,42487,2.3,83,1972
Mame,35275,2.2,131,1974
Man on a Swing,131437,3.25,110,1974
The Alien Factor,86633,2.7777777777777777,80,1978
Heat,4579,3.7121212121212124,102,1972
Look What's Happened to Rosemary's Baby,117258,2.15,100,1976
Badge 373,92389,2.3333333333333335,116,1973
Effects,86499,3.25,84,1979
Nurse Sherri,114542,2.5,88,1978
The Severed Arm,106402,1.6666666666666667,89,1973
Death Game,86743,3,91,1977
Disco Godfather,77403,2.8333333333333335,93,1979
The Choirboys,48852,1.6,119,1977
Hot Lead & Cold Feet,28736,2.759090909090909,90,1978
George Carlin: Again!,57837,3.659090909090909,82,1978
The Seduction of Joe Tynan,47906,2.973684210526316,108,1979
Getting Straight,42588,3.0555555555555554,124,1970
Planet Earth,54805,2.625,74,1974
The Telephone Book,121111,3.1,87,1971
Zorns Lemma,88276,3.5,60,1970
The Iceman Cometh,41461,3.4411764705882355,239,1973
Kotch,76002,3.2,113,1971
Malatesta’s Carnival of Blood,113905,3.1,74,1973
The Lady in Red,39771,2.7640845070422535,93,1979
George Carlin: On Location at USC,70086,3.86,85,1977
Mansion of the Doomed,40139,3.3333333333333335,86,1976
Bucktown,87774,2.4615384615384617,94,1975
Return to Macon County,42263,3.375,90,1975
The Teacher,87884,3,98,1974
The Werewolf of Washington,88065,1.7222222222222223,90,1973
Harry in Your Pocket,72460,3.1,103,1973
Walking Tall Part II,72455,2.4375,109,1975
The Carey Treatment,72449,2.2142857142857144,101,1972
The Last Run,72447,3.59375,95,1971
The Man Who Loved Cat Dancing,42472,2.625,123,1973
Ruby,85695,1.7857142857142858,85,1977
Elvis on Tour,42482,3.590909090909091,93,1972
J.D.'s Revenge,44690,3.2142857142857144,95,1976
Doomsday Machine,113523,2.875,83,1972
Black Snake,5656,2.8333333333333335,82,1973
Zandy's Bride,96337,3.9166666666666665,97,1974
Three the Hard Way,63340,2.7857142857142856,89,1974
Treasure of Matecumbe,63438,2.25,117,1976
Massacre Mafia Style,70490,1.6666666666666667,82,1974
Bank Shot,97313,2.75,83,1974
Cinderella Liberty,84847,3.1944444444444446,117,1973
Sky Riders,42551,3.5,91,1976
Puzzle of a Downfall Child,92937,2.642857142857143,105,1970
Oliver's Story,163631,2.857142857142857,91,1978
The Velvet Vampire,29069,3.033333333333333,80,1971
Pufnstuf,63859,2.9285714285714284,94,1970
Abby,78075,2.1,89,1974
Angels' Brigade,31251,1.75,97,1979
The Spell,67744,2.5833333333333335,86,1977
The Life and Times of Grizzly Adams,112323,3.5,93,1974
Penitentiary,65448,2.0652173913043477,99,1979
Genesis II,56769,2.7,74,1973
Horror High,29389,2.5,85,1973
Detroit 9000,85837,2.739583333333333,106,1973
Love Me Deadly,91627,2,95,1973
… tick… tick… tick…,85255,3.1,100,1970
Gas Pump Girls,119552,2.75,86,1979
Willie Dynamite,46018,2.9285714285714284,102,1974
Wanda Nevada,46460,2.4,107,1979
The House of the Dead,77156,2.1666666666666665,80,1978
Winterhawk,143516,3.5,98,1975
Dogs,104528,3,91,1976
The Doll Squad,94752,2.2142857142857144,101,1973
The Wrath of God,68247,3.125,111,1972
Screams of a Winter Night,83820,2.5,91,1979
Showdown,85648,2.1666666666666665,99,1973
Curse of Bigfoot,86571,1,88,1975
Slither,87417,3.3369565217391304,97,1973
For Pete's Sake,31901,3.0416666666666665,90,1974
Death Machines,37571,2.9166666666666665,93,1976
Cocksucker Blues,35922,2.6875,93,1972
"The Horror at 37,000 Feet",29075,2.9,73,1973
Hester Street,42257,3.4916666666666667,90,1975
At Long Last Love,4704,2.6785714285714284,125,1975
Rancho Deluxe,42261,3.3858695652173916,93,1975
The Man in the Glass Booth,48364,3.35,117,1975
The Autobiography of Miss Jane Pittman,57868,3.4444444444444446,112,1974
Young Lady Chatterley,77756,2.3333333333333335,100,1977
Sparkle,21554,2.6,98,1976
You'll Like My Mother,143877,3.5,93,1972
Mark of the Witch,156068,2.9,84,1970
On Any Sunday,29251,3.7371794871794872,96,1971
Scalpel,145444,3.5,95,1977
The Swinging Cheerleaders,22092,2.3333333333333335,91,1974
Pocket Money,45512,2.825,102,1972
The Zodiac Killer,63959,2.9285714285714284,87,1971
The Castaway Cowboy,80351,2.9375,91,1974
Double Agent 73,37043,2,73,1974
Sisters of Death,49304,1.95,87,1976
The Grateful Dead,41384,3.265151515151515,132,1977
The Black Gestapo,83295,2,88,1975
Manson,54505,3.409090909090909,83,1973
The Trial of Billy Jack,83980,2.6666666666666665,170,1974
Confessions of a Young American Housewife,81476,1.7,73,1974
Cold Turkey,42493,3.2857142857142856,99,1971
Satan's Triangle,87895,3.5,74,1975
Lolly-Madonna XXX,114953,3,103,1973
Daisy Miller,4703,2.75,91,1974
The Don Is Dead,94741,2.4,106,1973
Nightmare in Badham County,98134,1,100,1976
Harper Valley P.T.A.,113777,2.875,102,1978
Go Ask Alice,126526,3.6,74,1973
The Great Scout & Cathouse Thursday,50953,2.5714285714285716,102,1976
Idaho Transfer,74836,1.8636363636363638,86,1973
The Boatniks,42596,2,99,1970
Blood Orgy of the She-Devils,43402,2.25,73,1973
Greaser's Palace,90715,3.148936170212766,91,1972
'Gator Bait,88950,2.9545454545454546,88,1974
Bog,166201,1.375,90,1979
Psychic Killer,68982,3.6666666666666665,89,1975
Fools' Parade,65502,3.1666666666666665,98,1971
The Initiation of Sarah,23692,2.125,96,1978
The Female Bunch,29119,1,86,1971
There's Always Vanilla,87734,2.125,93,1971
Rattlers,112481,1.25,82,1976
Little Fauss and Big Halsy,44721,3.375,99,1970
Riding with Death,162042,2.5,97,1976
Crash!,114013,1.5,89,1976
Bloodbrothers,114096,2.625,116,1978
The Spook Who Sat by the Door,62330,3.5454545454545454,102,1973
C.C. and Company,50372,4,94,1970
Let's Do It Again,29473,3.144230769230769,113,1975
The Cross and the Switchblade,56776,2,106,1970
"Scream, Pretty Peggy",206630,3.6666666666666665,74,1973
Trip with the Teacher,40065,2.25,91,1975
"Drive, He Said",57215,3.264705882352941,95,1971
21 Hours at Munich,82598,3.2142857142857144,101,1976
A Reflection of Fear,104644,3.4,89,1973
Blood Mania,67974,2,88,1970
The Norliss Tapes,68133,2.75,72,1973
The House That Would Not Die,101060,3.1666666666666665,74,1970
Rabbit Test,102841,2.625,84,1978
The Visitors,102699,2.642857142857143,88,1972
Moment by Moment,110598,1.625,102,1978
Are You in the House Alone?,55300,2.75,96,1978
Jeremy,61574,3.090909090909091,90,1973
Journey Back to Oz,187542,2.375,88,1974
How Awful About Allan,71944,3.5,74,1970
Mahogany,3554,3.235294117647059,109,1975
Heroes,83061,3.25,112,1977
The Betsy,58628,2.3333333333333335,125,1978
Godmonster of Indian Flats,63175,2.25,89,1973
"Lost, Lost, Lost",148807,3.3333333333333335,178,1976
Harry and Walter Go to New York,149445,2.2941176470588234,115,1976
One Little Indian,45827,3.2333333333333334,90,1973
Crowhaven Farm,28760,3.5,74,1970
Black Shampoo,22020,2.5,82,1976
WUSA,49411,2.4,115,1970
Bigfoot,92804,2.375,84,1970
Victory at Entebbe,30673,3.8333333333333335,119,1976
Islands in the Stream,70926,3.2205882352941178,104,1977
I Eat Your Skin,93890,1.4285714285714286,84,1971
American Hot Wax,42198,2.8333333333333335,91,1978
Blume in Love,109259,3.0357142857142856,115,1973
The War Between Men and Women,163392,2.625,105,1972
Hit!,103314,3.75,135,1973
Rage,101307,3.1666666666666665,100,1972
Jennifer,66762,3.1666666666666665,90,1978
Evel Knievel,139324,3.125,88,1971
Dark August,105070,2.25,87,1976
Mardi Gras Massacre,58644,2,97,1978
Shriek of the Mutilated,84104,2.2222222222222223,86,1974
The Centerfold Girls,28147,2.8333333333333335,91,1974
The Midnight Man,116138,2.857142857142857,119,1974
Home for the Holidays,30933,3.2142857142857144,73,1974
Creature from Black Lake,43753,2.125,95,1976
Blood Sabbath,28224,1.5,86,1972
Eat My Dust,45232,3.2,89,1976
One on One,50379,2.7142857142857144,98,1977
Lovers and Other Strangers,42593,3.392857142857143,104,1970
The Super Cops,84324,2.6818181818181817,90,1974
Chilly Scenes of Winter,42173,3.2142857142857144,95,1979
Bless the Beasts & Children,94225,3,102,1971
Tarantulas: The Deadly Cargo,161374,2.5,100,1977
Blood Legacy,92782,5,82,1971
Bone,27012,2.923076923076923,95,1972
King of the Gypsies,20863,3.2222222222222223,112,1978
Hospital,114390,3.4444444444444446,84,1970
Truck Stop Women,92722,2.5,88,1974
Girls for Rent,29414,5,92,1974
The Bingo Long Traveling All-Stars & Motor Kings,42243,3.210526315789474,111,1976
The Liberation of L.B. Jones,95556,3.0833333333333335,102,1970
The Guy From Harlem,81470,2.6666666666666665,86,1977
Last Chants for a Slow Dance,97030,3.1666666666666665,90,1977
Mako: The Jaws of Death,97559,1.1666666666666667,86,1976
Let Me Die a Woman,86502,2,79,1978
The Mad Bomber,97904,2.5,91,1973
Play It as It Lays,84796,4,99,1972
The Boy Who Cried Werewolf,94542,2.7,93,1973
Ciao! Manhattan,42479,2.9285714285714284,84,1973
Santa and the Ice Cream Bunny,79720,1.1666666666666667,96,1972
The Pack,86239,2.6666666666666665,98,1977
Dying Room Only,86236,4,74,1973
The Horsemen,68659,3.5,109,1971
Terror in the Wax Museum,185495,3.625,93,1973
Malibu High,66745,3.3,92,1979
The Mafu Cage,56132,3.357142857142857,102,1978
The Gang That Couldn't Shoot Straight,59226,1.75,96,1971
Shamus,4989,2.642857142857143,106,1973
Sugar Cookies,29850,2.75,89,1973
The Deadly Trackers,133328,2,110,1973
Yuma,76837,2.5,75,1971
Murder by Natural Causes,256166,3.5833333333333335,100,1979
The Wild Party,112087,2.25,109,1975
Darktown Strutters,84062,2.8333333333333335,90,1975
A Perfect Couple,104449,2.3333333333333335,110,1979
Vigilante Force,93018,2.8333333333333335,89,1976
Loving,92269,2.9375,89,1970
When Michael Calls,90391,2.5,73,1972
Between the Lines,175924,3.1333333333333333,101,1977
No Place to Hide,174383,2,80,1974
Dream No Evil,92319,3.5,84,1970
Forced Entry,138223,2,88,1976
Encounter with the Unknown,85681,2.75,90,1972
Death Promise,85780,2.3333333333333335,95,1977
Drum,86194,2.25,100,1976
Welcome to L.A.,86241,2.4615384615384617,106,1976
Alambrista!,86975,3.3333333333333335,110,1977
Three on a Meathook,86271,2.8,77,1972
A Knife for the Ladies,227603,0.5,86,1974
The Van,31919,2.5,92,1977
Mr. No Legs,38760,2,90,1978
Shanks,29399,2.142857142857143,93,1974
Grayeagle,41604,2.9,104,1977
Death Dimension,34465,1.5,88,1978
Chatterbox!,58308,3.3333333333333335,76,1977
Up the Sandbox,42492,2.527027027027027,97,1972
The Homecoming: A Christmas Story,56308,3.8333333333333335,99,1971
Payday,80911,2.7083333333333335,103,1973
Alex in Wonderland,32599,2.9166666666666665,110,1970
That Certain Summer,142585,3.8,73,1972
The Biscuit Eater,56067,3,92,1972
The Great Texas Dynamite Chase,44005,3.2,90,1976
Family Enforcer,38394,3.5,85,1976
The Other Side of Midnight,80844,3.1363636363636362,165,1977
King Frat,23819,3.75,82,1979
The Hawaiians,85290,2.9,134,1970
Sometimes Aunt Martha Does Dreadful Things,104304,3,96,1971
The Headless Eyes,89115,3.25,78,1971
The Worm Eaters,5657,0.5,90,1977
House Calls,36361,3.5,98,1978
The First Nudie Musical,42244,2.2,95,1976
You Light Up My Life,42231,1.75,90,1977
Carnival of Blood,87552,1,87,1972
Baby Snakes,100205,3.4,166,1979
Lady Ice,304816,3.375,93,1973
Jacqueline Susann's Once Is Not Enough,97831,2,121,1975
The Scenic Route,128042,3.125,76,1978
The Legend of Bigfoot,81436,1.6,76,1976
The Miracle Worker,257578,3.75,98,1979
Savage Intruder,29210,3.5,100,1970
Heartland,49427,3.357142857142857,96,1979
Evil Roy Slade,25109,3.25,97,1972
An Enemy of the People,121890,3.4285714285714284,107,1978
Hearts of the West,84259,3.1785714285714284,102,1975
Dynamite Brothers,81937,4,90,1974
Superdad,46667,2.3,96,1973
Tomorrow,83135,3.611111111111111,103,1972
The North Avenue Irregulars,65156,3.25,100,1979
Hurricane,75162,3.3333333333333335,120,1979
Pursuit,52825,2.75,73,1972
Meatcleaver Massacre,119170,2.6666666666666665,85,1977
A Safe Place,53898,2.7916666666666665,94,1971
Glen and Randa,42494,2.3,93,1971
The Glass Menagerie,56764,3.75,100,1973
Who Is Harry Kellerman and Why Is He Saying Those Terrible Things About Me?,91607,2.1666666666666665,109,1971
The Thief Who Came to Dinner,92299,2.7142857142857144,104,1973
The Alpha Incident,35664,2.125,95,1978
Something Big,196784,2.375,108,1971
Further Adventures of the Wilderness Family,52485,2.8,105,1978
A Piece of the Action,29493,3.0526315789473686,135,1977
Point of Terror,125751,2,88,1971
Cinderella 2000,29420,2,89,1977
C.H.O.M.P.S.,77593,2.076923076923077,89,1979
Angel Unchained,69148,2,86,1970
Summer Camp,29819,2.5,85,1979
Murder on Flight 502,108282,2.5,97,1975
Doctors' Wives,200236,2.8,102,1971
The Stranger,160799,2,100,1973
Dear Dead Delilah,113382,2,95,1972
Dionysus in '69,98048,1.8333333333333333,85,1970
Viva Knievel!,56533,3.25,106,1977
Darker Than Amber,66466,3.5,96,1970
Kid Blue,154073,3,100,1973
Let My Puppets Come,223922,2,75,1976
Going Home,98534,3,97,1971
The Execution of Private Slovik,77861,3.9,120,1974
The American Dreamer,126563,3.2,90,1971
The Happy Hooker Goes to Washington,112058,3,89,1977
The Lucifer Complex,89858,3,91,1978
Christmas Eve on Sesame Street,306685,4.333333333333333,60,1978
Angels' Wild Women,89146,2.5,85,1972
The Toy Box,81479,1.5,89,1971
Crazy Mama,89602,3.388888888888889,83,1975
Final Chapter: Walking Tall,86651,2,112,1977
Get to Know Your Rabbit,89417,1.9,91,1972
Schoolgirls in Chains,39882,1.3333333333333333,86,1973
The UFO Incident,86598,3.0625,97,1975
Buster and Billie,84450,3.5,100,1974
Cops and Robbers,88359,3.1363636363636362,89,1973
Disaster on the Coastliner,88456,3.6666666666666665,89,1979
Drive-In,85551,3,96,1976
Caravans,41317,3,127,1978
One More Train to Rob,142148,2,108,1971
Neil Young & Crazy Horse - Rust Never Sleeps,38119,4.166666666666667,117,1979
Rhinoceros,39194,3.2291666666666665,104,1974
Homebodies,87897,3,96,1974
Death Car on the Freeway,216176,3,91,1979
"Guru, the Mad Monk",81464,2.875,62,1970
The Night That Panicked America,83849,3.375,92,1975
California Dreaming,85511,2.1666666666666665,92,1979
Wattstax,2261,3.6153846153846154,98,1973
The Savage Bees,29105,0.5,90,1976
Warlock Moon,78252,4.25,83,1973
The One and Only,47901,3.75,97,1978
Double Indemnity,84834,1.75,75,1973
Five Loose Women,29672,2.75,96,1974
Satanis: The Devil's Mass,99536,3.3,86,1970
Steelyard Blues,74057,2.6666666666666665,93,1973
The Shadow of Chikara,65272,2.5,114,1977
The Only Game in Town,84481,1.5,113,1970
Rich Kids,85327,2.9444444444444446,101,1979
Frozen Scream,84375,2,85,1975
Malcolm X,46898,3.5,91,1972
Kiss of the Tarantula,89720,2.8333333333333335,85,1976
Arnold,119884,1.75,94,1973
Invasion of the Blood Farmers,91066,1.25,78,1972
How to Frame a Figg,44157,3.111111111111111,103,1971
The Unholy Rollers,91891,2.2,88,1972
Won Ton Ton: The Dog Who Saved Hollywood,36820,2.0714285714285716,92,1976
Report to the Commissioner,42262,3.2,112,1975
The Student Nurses,85962,2.75,82,1970
FM,42204,3.032258064516129,104,1978
"Aloha, Bobby and Rose",47178,3.6,88,1975
The Astral Factor,113337,3,96,1976
S*P*Y*S,35405,2.375,87,1974
Kenny & Company,114735,3.25,90,1976
Time Travelers,137662,2.8333333333333335,78,1976
The Groove Tube,27977,2.875,75,1974
Kansas City Bomber,28020,3.5,99,1972
A Warm December,67696,3,99,1973
Natural Enemies,106729,3.5,100,1979
The People Next Door,141623,3.5,93,1970
Barn of the Naked Dead,28146,3.25,86,1974
Basic Training,114388,3.25,89,1971
"Just You and Me, Kid",26328,3,93,1979
The Fish That Saved Pittsburgh,67627,4.333333333333333,102,1979
The Northville Cemetery Massacre,82796,0.5,83,1976
Huckleberry Finn,75141,2.5833333333333335,118,1974
Hell's Bloody Devils,29417,3.5,89,1970
"Die Sister, Die!",29423,1.5,82,1978
Special Delivery,122708,3.3333333333333335,99,1976
W.W. and the Dixie Dancekings,39211,2.4166666666666665,91,1975
A Small Town in Texas,199715,2.5,96,1976
Deadly Hero,83972,3.6666666666666665,102,1975
Some Call It Loving,168228,2.2,105,1973
Brother John,121923,2.8333333333333335,95,1971
Thunder and Lightning,84080,1.5,95,1977
Fleshpot on 42nd Street,29194,3.75,84,1973
Framed,38201,3.5,106,1975
Billy Jack Goes to Washington,78140,1.933823529411765,155,1977
We Can't Go Home Again,94438,1.75,93,1973
40 Carats,42456,4.25,110,1973
A Howling in the Woods,229108,3.5,100,1971
The Questor Tapes,62432,3.9375,100,1974
Shinbone Alley,43477,2.4,85,1970
The Pursuit of Happiness,88583,3.5833333333333335,93,1971
Lucky Lady,78353,2.5,118,1975
Aphrodisiac!: The Sexual Secret of Marijuana,31537,3.6666666666666665,76,1971
The Hitchhikers,214525,2.25,92,1972
Norman... Is That You?,91722,3.0833333333333335,91,1976
Miracle on 34th Street,252539,3.75,100,1973
The Norseman,47956,1,90,1978
Charley and the Angel,103711,3.3333333333333335,93,1973
Joshua,79688,2,83,1976
Malibu Beach,60029,3,89,1978
Chapter Two,42168,2.230769230769231,127,1979
The Great Smokey Roadblock,42227,3,104,1978
Sextette,116760,1.75,91,1978
The Astrologer,112975,1.5,96,1975
The Swinging Barmaids,28757,2.5,88,1975
Top of the Heap,96127,3.125,90,1972
The Amazing Dobermans,130024,2,96,1976
Adam at Six A.M.,121011,3,100,1970
The Whole Shootin' Match,121200,3.4,109,1979
Stunts,71996,2.5,89,1977
The Happy Hooker,75848,3.625,98,1975
Bush Mama,95771,3.6666666666666665,97,1979
Superdome,264098,2.1666666666666665,97,1978
The Ghost of Flight 401,72111,1.8333333333333333,100,1978
The Grasshopper,47646,2.1666666666666665,98,1970
Hammer,90728,4,92,1972
Impulse,37130,2,82,1974
Fangs,81469,3.25,83,1974
Preacherman,117213,2.5,87,1971
Demented Death Farm Massacre,94282,2.5,85,1971
Enter the Devil,235798,4,75,1972
T.R. Baskin,149026,3.3333333333333335,90,1971
From the Mixed-Up Files of Mrs. Basil E. Frankweiler,115621,3.3333333333333335,105,1973
J-Men Forever,42174,3.625,73,1979
Mean Johnny Barrows,91475,3,90,1975
Tunnel Vision,114255,2.5,70,1976
UFO: Target Earth,113824,1,80,1974
Old Boyfriends,119356,2.625,103,1979
The Blue Knight,137738,3.25,188,1973
Portnoy's Complaint,145364,2.8333333333333335,101,1972
City Beneath the Sea,49326,2.2,93,1971
"Summer Wishes, Winter Dreams",92311,3.4285714285714284,93,1973
Wolfman,156310,3.2,102,1979
The Curious Female,251369,2.5,87,1970
Ice,161915,3.5,128,1970
Milestones,126402,3.1,195,1975
Citizens Band,85325,3.398550724637681,98,1977
The Wild Wild West Revisited,85341,1.625,96,1979
The Private Files of J. Edgar Hoover,107938,2.75,112,1977
One of My Wives Is Missing,100663,2.5,120,1976
Earth II,140354,2.5,100,1971
Gay USA,125776,3.75,78,1977
The Glove,80638,2,92,1979
The People,252965,2.642857142857143,74,1972
Paper Man,315379,3.25,75,1971
Get Christie Love!,252144,2.8333333333333335,74,1974
Nocturna,160405,2.6666666666666665,85,1979
Cop Killers,77091,4,93,1977
...And Your Name Is Jonah,105326,2.75,100,1979
"Ladies & Gentlemen, the Rolling Stones",47246,3.5714285714285716,83,1973
The Legend of Nigger Charley,87788,2.8333333333333335,98,1972
The Swap,110843,1.25,83,1979
They Only Kill Their Masters,62996,3.125,97,1972
Delirium,84374,3,90,1979
Moonshine County Express,99846,3.5,96,1977
Death Sentence,45377,3.5,74,1974
Heartworn Highways,76498,3.875,92,1976
Supervan,73273,1.5,90,1977
"It's a Bird, It's a Plane, It's Superman!",142064,1.8333333333333335,92,1975
Such Good Friends,118915,3.3,102,1971
Tilt,26460,2,111,1979
The Rats Are Coming! The Werewolves Are Here!,74826,0.75,92,1972
Sunset Cove,328938,2,87,1978
Dirty Dingus Magee,48408,2.1363636363636362,91,1970
Van Nuys Blvd.,67976,4,93,1979
Steel,121015,2.9,102,1979
Seven Alone,53931,3.8333333333333335,97,1974
A Walk in the Spring Rain,151540,3,98,1970
Hennessy,54417,3.0555555555555554,103,1975
Terror Out of the Sky,80577,2.75,97,1978
Blue Summer,30485,5,79,1973
Welcome Home Brother Charles,86201,1.1666666666666667,103,1975
Haunts,29964,4,97,1976
Tracks,108322,3.4285714285714284,92,1976
Can I Do It Till I Need Glasses?,5800,2,73,1977
The Black Godfather,80755,2.6666666666666665,90,1974
Night Call Nurses,85966,3.1,74,1972
Candy Stripe Nurses,85968,2.4,77,1974
The Traveling Executioner,90517,2,95,1970
"Abar, the First Black Superman",88937,1.8333333333333333,102,1977
Policewomen,90590,1.75,90,1974
Down and Dirty Duck,90110,3.1,70,1974
Emma Mae,90115,4.5,100,1976
"Dr. Black, Mr. Hyde",32322,2.4,85,1976
Cool Breeze,89656,2.7,101,1972
Brotherhood of Death,87790,2.8333333333333335,85,1976
Trick Baby,83222,3.375,89,1972
Black Samson,83805,2.75,88,1974
Birds of Prey,75116,4.25,81,1973
Teenage Hitchhikers,29197,2,74,1974
Rafferty and the Gold Dust Twins,111149,2.6,91,1975
Casey's Shadow,92264,3.5,117,1978
Angels Hard as They Come,29068,3.75,85,1971
The Dion Brothers,85127,3.125,94,1974
Return to Boggy Creek,283885,2.5,85,1977
Don't Hang Up!,84233,1.125,85,1974
The Seniors,50992,3.75,87,1978
Women in Revolt,112234,3.3333333333333335,97,1971
The Gatling Gun,61356,2.5,93,1971
The Plot Against Harry,41943,3.5,81,1971
Last of the Red Hot Lovers,42483,3,98,1972
Squeeze Play,61644,1.7142857142857142,94,1979
Best Boy,42165,4,111,1979
The Sandpit Generals,140211,2.4166666666666665,102,1972
When the Legends Die,259773,3.5,107,1972
The Abductors,18589,2.75,90,1972
A Different Story,243636,2.25,108,1978
The Glass House,242920,3.25,90,1972
A Delicate Balance,38729,2.9375,133,1973
Word Is Out: Stories of Some of Our Lives,143322,3.9,132,1977
The Dead Don't Die,29489,4,74,1975
The Orphan,167554,1.25,87,1979
R.P.M.,163683,1.5,92,1970
Strange New World,181082,1.5,100,1975
Stanley,67320,2.7,108,1972
The Ransom,284753,3.5,90,1977
Town Bloody Hall,274381,3.2083333333333335,88,1979
Golden Needles,149464,2.5,92,1974
The Great Houdinis,232321,3.5,96,1976
San Francisco International,278758,2.5,96,1970
"Run, Cougar, Run",290141,4,87,1972
Loose Shoes,44805,2.3333333333333335,84,1978
"Tell Me That You Love Me, Junie Moon",78355,1.625,113,1970
Where Does It Hurt?,78089,3,85,1972
Mountain Family Robinson,102661,3.5,100,1979
The Adventurers,106326,2.25,171,1970
FTA,102812,3.3333333333333335,97,1972
"When You Comin' Back, Red Ryder?",90967,3.375,113,1979
Lady Cocoa,91259,3,93,1975
"Skatetown, U.S.A.",90879,2,98,1979
Ginger,89072,2,90,1971
Dixie Dynamite,90072,2.3333333333333335,88,1976
Goldengirl,98130,2.1666666666666665,104,1979
Tribes,96131,3.375,90,1970
The Animals,79192,3.5,86,1971
"Sasquatch, the Legend of Bigfoot",119010,3.25,102,1976
Ash Wednesday,117207,2.5,99,1973
Joni,124523,3,112,1979
Mr. Mike's Mondo Video,49036,2.3333333333333335,75,1979
Psyched by the 4D Witch (A Tale of Demonology),124135,0.5,81,1973
Bury Me an Angel,109101,3,89,1971
Brief Encounter,115497,2.75,103,1974
Invasion From Inner Earth,113814,2,94,1974
The Harrad Experiment,2988,1.5,95,1973
Asylum of Satan,84418,2.5,80,1972
The Next Man,86133,3.25,108,1976
Pray for the Wildcats,86204,2.75,100,1974
Fast Charlie... the Moonbeam Rider,84081,3,98,1979
I Will Fight No More Forever,28323,3,106,1975
The Love Butcher,81437,2,85,1975
Canal Zone,114423,3.5,174,1977
The Amazing Howard Hughes,52579,3.5,215,1977
Alabama's Ghost,84108,2.3333333333333335,96,1973
SST: Death Flight,264080,3,89,1977
The Salzburg Connection,359611,3,93,1972
Keep My Grave Open,108890,5,79,1976
The Fifth Floor,84183,4,90,1978
The Nickel Ride,40793,3,99,1975
Film About a Woman Who…,163937,2.1666666666666665,90,1974
The Daring Dobermans,54388,2.5,88,1973
Promises in the Dark,118083,3,118,1979
Stacey,83418,2.5,82,1973
The Migrants,263789,3.5,90,1974
Project: Kill,120773,2.75,90,1976
Renaldo and Clara,168595,4,235,1978
Death by Invitation,171930,2.125,81,1971
Mrs. Pollifax — Spy,172475,3.6666666666666665,110,1971
The Other Side of the Mountain: Part II,95752,2.5,100,1978
The Christine Jorgensen Story,94551,2.9166666666666665,98,1970
The Slams,42711,2.25,91,1973
Rebel Rousers,42598,3.25,78,1970
The Candy Tangerine Man,86462,3,95,1975
"Wicked, Wicked",86494,1.5,95,1973
Spectre,62433,3,98,1977
Dirty O'Neil,90079,2.5,89,1974
Cain's Cutthroats,89555,2,95,1970
The Picture of Dorian Gray,241310,4,111,1973
Buffalo Rider,79719,1.5,90,1978
Chandler,88375,2.75,85,1971
Savage Abduction,87719,3,82,1973
Hit Man,37488,2.8125,90,1972
Things to Come,306542,1.5,97,1976
Devil's Express,87369,2.25,82,1976
The Naked Ape,208333,2.5,85,1973
Peeper,105882,2,87,1975
So Sad About Gloria,105701,2,90,1973
Foes,425718,0.8333333333333334,91,1977
Blood Bath,104385,1.5,86,1975
Ravagers,108061,2,90,1979
Sheila Levine Is Dead and Living in New York,253112,2.25,113,1975
Moving Violation,86213,2.5,91,1976
Dusty and Sweets McGee,86237,4,92,1971
Griffin and Phoenix,252735,3.5,97,1976
Katherine,221135,3,97,1975
Night Slaves,217085,3.75,72,1970
Dynamite Chicken,56155,3,76,1971
The Murder of Fred Hampton,53947,3.7142857142857144,88,1971
1 P.M. (One Parallel Movie),143437,4,77,1971
Local Color,148503,3.6,116,1977
The Meateater,127441,2.5,84,1979
A Thief in the Night,144662,1.9166666666666665,69,1972
The House Without a Christmas Tree,70393,4.5,87,1972
That Man Bolt,22058,2.75,103,1973
Wam Bam Thank You Spaceman,96350,1.25,75,1974
"September 30, 1955",52681,3,101,1977
Fast Break,50377,4,107,1979
99 and 44/100% Dead,52661,2.95,98,1974
Mr. Ricco,98117,3.25,98,1975
Joyride to Nowhere,98138,3.5,83,1977
Steambath,90970,1,90,1973
Law and Disorder,119532,3.5,104,1974
The Wild Country,238850,3.1666666666666665,100,1970
The Capture of Bigfoot,94548,0.75,92,1979
Millhouse,42496,3.5,92,1971
The Revolutionary,327328,3.1666666666666665,100,1970
The Runner Stumbles,151839,4,99,1979
The No Mercy Man,105503,2,90,1973
The Girls from Thunder Strip,278429,1,80,1970
Scandalous John,104297,2.5,113,1971
Sweet Revenge,198521,3,90,1976
Blade,107331,2.5,79,1973
Savages,203055,3.5,74,1974
The Naked Zoo,337995,1.5,85,1970
Hurricane,202639,3,82,1974
Savages,107282,2.5,106,1972
A Hero Ain't Nothin' But a Sandwich,101279,3,107,1978
Isn't It Shocking?,219386,3.5,73,1973
43: The Richard Petty Story,394009,3,83,1972
The Stranger Within,217487,5,74,1974
The Savage Is Loose,217785,2.5,114,1974
Maybe I'll Come Home in the Spring,221144,3,74,1971
Outrage,103432,3,74,1973
Road Movie,215749,3.25,88,1974
The Believer's Heaven,215822,3.5,60,1977
Angel City,189875,3,75,1977
The Billion Dollar Hobo,102726,3,96,1977
To Kill A Clown,214131,3.25,104,1972
The Intruder,469069,2.5,87,1975
The Black Six,86273,2,94,1973
Scream of the Wolf,169494,2,78,1974
The Foreigner,47219,2.8333333333333335,90,1978
"Cornbread, Earl and Me",37754,3.9,95,1975
The Tenth Level,258938,2.5,102,1976
The McMasters,86968,3,90,1970
Nashville Girl,80656,3.6666666666666665,90,1976
Alice Goodbody,84282,2,87,1974
Summer School Teachers,85971,2.25,85,1974
Baby Blue Marine,83864,3.25,90,1976
Date with a Kidnapper,89666,2.5,76,1976
Night of the Strangler,160410,1.75,88,1972
The Great American Girl Robbery,46578,2.6666666666666665,87,1979
The Two Worlds of Jennie Logan,22519,3.8125,96,1979
Bombay Talkie,73600,2.5,112,1970
Blood Stalkers,138012,2.5,90,1976
Scorchy,89385,5,99,1976
A Poem Is a Naked Person,126423,3.3125,96,1974
J.W. Coop,122281,3.25,112,1972
Summer School,84801,2,81,1978
Suppose They Gave a War and Nobody Came?,144910,1.9,113,1970
Zig Zag,84496,2.5,105,1970
Mind Over Murder,353999,3,90,1979
The Ski Bum,277783,2.5,95,1971
Ace Eli and Rodger of the Skies,280129,3,89,1973
Rain for a Dusty Summer,260765,2,93,1971
The Day of the Wolves,203014,3.3333333333333335,91,1971
The Wrestler,83038,2,95,1974
Hollywood High,83001,2,81,1976
Death Scream,258427,1.5,96,1975
An Eye for an Eye,81483,2.5,84,1973
Pioneer Woman,210609,2.25,74,1973
The Baby Maker,146121,3,109,1970
Queen of the Stardust Ballroom,263786,4,98,1975
Killer's Delight,39984,3,85,1978
Mysterious Island of Beautiful Women,30660,3,100,1979
Hustling,133148,3,98,1975
The Projectionist,42527,3.75,88,1970
The Hard Ride,95028,2.75,93,1971
The Phynx,139718,2.25,81,1970
Everybody Rides the Carousel,236308,3,72,1975
One Is a Lonely Number,92287,3,97,1972
The Monkey Hustle,92309,2.2857142857142856,90,1976
Fire Sale,41036,3,88,1977
Youngblood,85651,2.5,90,1978
The Elevator,252954,1.5,75,1974
Goin' Coconuts,86103,1.75,96,1978
Arnold's Wrecking Co.,266254,2,78,1973
The Secret Life of Plants,218296,3.0714285714285716,95,1979
The Late Great Planet Earth,56584,0.5,91,1979
UFOs: It Has Begun,377411,3.5,94,1979
Shark Kill,97593,3,76,1976
Scott Joplin,142984,3,96,1977
Fighting Mad,86209,3,90,1976
Love and Pain and the Whole Damn Thing,46941,3.1,110,1973
They Eat Scum,164045,2.75,73,1979
The Education of Sonny Carson,54440,3.1666666666666665,104,1974
"Give 'em Hell, Harry!",174713,2.5,104,1975
The Dove,184578,2.8333333333333335,105,1974
The Honkers,121520,3,102,1972
Flesh Feast,149630,1,72,1970
Journey Through the Past,69864,3,79,1972
Gone with the West,68089,0.8333333333333334,91,1975
Somebody Killed Her Husband,120520,3.5,97,1978
The Crazy World of Julius Vrooder,283334,2.3333333333333335,98,1974
The War at Home,149362,3.4,100,1979
The Boy Who Talked to Badgers,400400,2.5,100,1975
Deathmaster,28780,3.5,88,1972
Poor Devil,338016,3.5,73,1973
End of the Road,151679,2.6666666666666665,110,1970
Whiffs,180929,3.5,91,1975
The President's Mistress,180714,2.75,83,1978
Freedom Road,148031,2,186,1979
Chrome and Hot Leather,69150,2,91,1971
Bad Charleston Charlie,182780,2,91,1973
Where the Lilies Bloom,128364,3.5,98,1974
Weasels Rip My Flesh,79911,1.8333333333333333,67,1979
Celebration at Big Sur,287952,4.5,82,1971
The Wobblies,54725,4.375,89,1979
Star Spangled Girl,92292,2.625,93,1971
Cocaine Cowboys,170696,3,83,1979
Let the Good Times Roll,171232,4,99,1973
Snow Job,36921,2.75,87,1972
The Thanksgiving Treasure,420633,5,77,1973
The Single Girls,119363,3,83,1974
Rainbow Bridge,75063,3.5,108,1972
Our Winning Season,61172,2.5,92,1978
Halls of Anger,90722,3,96,1970
The Clones,117581,0.5,95,1973
Zuma Beach,81402,2.5,104,1978
The Manipulator,81480,2.75,91,1971
Attica,257857,4.2,80,1974
There Is No 13,264725,2.5,91,1974
Hex,161324,1.25,92,1973
The Night God Screamed,161692,3,85,1971
Black Girl,84728,2.8333333333333335,97,1972
Fade-In,84722,0.5,93,1973
The Lawyer,161565,3,120,1970
The Marcus-Nelson Murders,433834,4.5,125,1973
Delinquent Schoolgirls,39917,3,89,1975
The Hound of the Baskervilles,249195,4,74,1972
Mean Dog Blues,138775,3,108,1978
Red Sky at Morning,86945,3.5,112,1971
The Resurrection of Zachary Wheeler,246719,2,100,1971
Honky,134186,0.5,92,1971
The Zebra Killer,88348,3,92,1974
The Battle of Love's Return,88402,5,82,1971
Apache Blood,22365,1.875,84,1975
Hammersmith Is Out,85762,3,108,1972
The Great Bank Hoax,122515,2,87,1978
Black Angels,86621,2,87,1970
The Young Nurses,85967,5,77,1973
Newman's Law,122751,3.5,98,1974
Roseland,134738,3.6666666666666665,104,1977
"Goodnight, My Love",252942,0.5,73,1972
The Prize Fighter,31554,2.5,99,1979
C.B. Hustlers,30835,0.5,85,1976
Cover Me Babe,303139,1,89,1970
To Find a Man,144498,3.25,90,1972
Cruise Into Terror,28381,3,100,1978
Strike Force,131966,1.5833333333333335,73,1975
My Boys Are Good Boys,216445,4,90,1978
Mama's Dirty Girls,300816,0.5,82,1974
Clay Pigeon,387957,1.75,93,1971
Deafula,147890,0.5,95,1975
The Student Body,194720,3.5,76,1976
Sweet Kill,110404,5,85,1972
Young Pioneers,150830,5,96,1976
Northern Lights,226749,3.375,95,1978
Nightmare Honeymoon,98128,1.75,95,1974
Death Stalk,226282,3,73,1975
It's Good to Be Alive,132328,2.75,100,1974
Pound,99069,3,92,1970
Cotton Candy,334680,3,97,1978
Thomasine & Bushrod,95966,3,95,1974
Groupies,180021,1.75,85,1970
Skullduggery,273554,3,105,1970
Slaughter's Big Rip Off,56353,2,93,1973
Almost Summer,220985,2.3333333333333335,88,1978
The Great American Cowboy,114513,3.5,89,1973
Essene,114392,3.8333333333333335,86,1972
Manbeast! Myth or Monster?,353997,3,62,1978
Angels Die Hard,42533,3,86,1970
This Is a Hijack,281249,5,90,1973
The Strangers in 7A,281003,2.5,74,1972
A Tattered Web,326697,3,76,1971
The Easter Promise,334405,5,75,1975
Amazing Grace,53847,4,99,1974
Meat,114401,2.25,112,1976
The Cockeyed Cowboys of Calico County,115309,3,99,1970
Janie,213212,0.5,65,1970
The Chicken Chronicles,118099,2.5,95,1977
The Beasts Are on the Streets,208492,3.5,96,1978
Dealing: Or the Berkeley-to-Boston Forty-Brick Lost-Bag Blues,116764,3,88,1972
A Separate Peace,75152,3.1666666666666665,104,1972
Snatched,378918,3.5,73,1973
Teenager,226751,3.5,87,1974
First Love,142058,3,92,1977
One in a Million: The Ron LeFlore Story,216153,2.5,100,1978
Help Me... I'm Possessed,140516,2,76,1974
The Promise,109251,3,97,1979
A Cry for Help,219382,3.5,73,1975
Zebra Force,16532,4.5,100,1976
Flap,177043,3,106,1970
Hot Times,190766,2,80,1974
Cancel My Reservation,126760,1.5,99,1972
"Mayday at 40,000 Feet!",189133,3,93,1977
Move,183053,2.5,90,1970
An Almost Perfect Affair,134522,3,91,1979
The Dirt Gang,177349,0.5,89,1972
Pinocchio,131098,3.2037037037037037,78,1976
Jennifer on My Mind,199352,1.75,90,1971
Babe,194368,3.5,97,1975
Our Time,174162,3,90,1974
Class of '44,89545,2.3333333333333335,95,1973
Don't Play Us Cheap,90106,3,102,1972
Walk Proud,89862,2.5,102,1979
Alex & the Gypsy,147157,2.8333333333333335,99,1976
Summertree,92293,3,88,1971
When She Was Bad...,435493,2.5,100,1979
The Challenge... A Tribute to Modern Art,149336,3.25,104,1974
People of the Wind,149347,2.9,110,1976
The Student Teachers,85970,1.5,90,1973
Bare Knuckles,86603,4,90,1977
Terraces,255808,3,73,1977
Rivals,152490,3,104,1972
The Passover Plot,152256,2.25,108,1976
Night Chase,373514,3,95,1970
Black Oak Conspiracy,233844,4,92,1977
Another Son of Sam,102042,0.5,72,1977
Matilda,103612,3.5,105,1978
Trackdown,102938,3.3333333333333335,98,1976
The Master Gunfighter,95555,1.5,110,1975
Skateboard,241763,1.8333333333333333,97,1978
The Kiss of Her Flesh,95010,1,75,1970
Mackintosh and T.J.,537629,5,96,1975
The Angel Levine,158262,3.1666666666666665,106,1970
Night Creature,98039,2.5,83,1978
Hot Summer in Barefoot County,96985,0.5,90,1974
Sinai Field Mission,315197,2.5,127,1978
W.C. Fields and Me,49914,3.5,111,1976
Tender Loving Care,426184,1,72,1974
Dr. Jekyll and Mr. Hyde,3027,2.75,90,1973
Gordon's War,43077,2.8333333333333335,90,1973
Joe Panther,382467,3,110,1976
The Deerslayer,403561,4,74,1978
Regrouping,384024,3.5,80,1976
"Roll, Freddy, Roll!",385919,2.5,73,1974
The Return of Charlie Chan,337902,5,91,1973
The Man,250093,3.1666666666666665,93,1972
I Love My Wife,280132,3,98,1970
Weed,123787,3.6666666666666665,97,1972
Curse of the Headless Horseman,123404,0.5,81,1972
Sixteen,290004,3,96,1972
The Blue Hour,241934,2.5,82,1971
The Invasion of Carol Enders,291279,2,66,1973
Nunzio,121575,3.1666666666666665,85,1978
Solomon King,242796,3,85,1974
Sand Castles,132892,4,74,1972
Casual Relations,288094,3,80,1974
The Farmer,201593,3.25,97,1977
Five Days from Home,262179,3.5,108,1978
Erika's Hot Summer,183584,1.5,65,1971
Fighting Black Kings,271275,5,90,1976
"Olly, Olly, Oxen Free",180348,2.5,83,1978
The Marriage of a Young Stockbroker,176087,2.75,95,1971
Happy Anniversary and Goodbye,178614,0.5,60,1974
Birch Interval,277631,2.5,104,1976
Hit Lady,98136,4,72,1974
"Welcome Home, Soldier Boys",106823,4,91,1972
Brothers O'Toole,107239,1.1666666666666667,95,1973
Abduction,77126,3.5,95,1975
Hi-Riders,105510,0.5,90,1978
Private Duty Nurses,85964,5,80,1971
A Great American Tragedy,219380,2.5,75,1972
Shoot,85022,4,99,1976
A Name for Evil,85023,1.3333333333333333,74,1973
Five on the Black Hand Side,86217,3.5,96,1973
Swap Meet,86535,2.5,85,1979
The Blazer Girls,306544,2,86,1975
Made For Each Other,84465,3.5,100,1971
Diary of a Teenage Hitchhiker,92811,2,96,1979
Honor Thy Father,95892,3.5,97,1973
The Bad Bunch,96129,0.5,82,1973
Haunted,215861,2,81,1977
The Love Machine,215538,3.8333333333333335,108,1971
Adiós Amigo,88934,2.75,87,1975
Black Eye,88390,1.75,98,1974
Strawberries Need Rain,111449,0.5,85,1970
"Rabbit, Run",111981,3,90,1970
Outlaw Blues,112731,2.25,100,1977
Contract on Cherry Street,115537,4.5,145,1977
Underground,172014,2.5,87,1976
The House on Garibaldi Street,361435,3,101,1979
The Judge and Jake Wyler,371212,2.5,91,1972
Ginger in the Morning,205761,4,90,1973
Derby,210113,3,93,1970
The Triangle Factory Fire Scandal,359079,5,120,1979
"I Will, I Will...For Now",185713,3,108,1976
Voices,184781,3.5,106,1979
Thieves,186416,2,92,1977
A Place Called Today,103850,0.5,103,1972
A Real American Hero,107262,3.5,90,1978
Cherry Hill High,100203,2.5,87,1977
Flash and the Firecat,112728,2.5,84,1975
Apple Pie,109211,4.5,76,1976
"Sweet Jesus, Preacherman",94248,3.1666666666666665,90,1973
Class of '74,140634,1.5,82,1972
Hot Summer Week,140632,3,79,1972
Tough,150051,2.5,87,1974
The Ordeal of Patty Hearst,148615,1.25,139,1979
The Enchanted World of Danny Kaye: The Emperor's New Clothes,147105,2.5,60,1972
A Labor of Love,129370,3,70,1976
Up in the Cellar,126489,2.5,94,1970
Molly and Lawless John,271618,2,98,1972
Time to Run,277357,2.25,97,1973
Fear on Trial,263222,4,100,1975
The Wild McCullochs,291861,1.8,93,1975
Gable: The King Remembered,288438,2,65,1975
The Paradise Trail,282080,1,68,1979
Black Lolita,233246,1,85,1975
The Thorn,215797,5,93,1974
"Hurry Up, or I'll Be 30",255846,0.5,88,1973
"Congratulations, It's a Boy!",252714,3.5,73,1971
My Sweet Charlie,257574,3,97,1970
Fantastic Animation Festival,240638,4,91,1977
Lenny Bruce: Without Tears,72389,4,70,1972
We Have Come for Your Daughters,417011,4.5,88,1971
Joe Cocker - Mad Dogs & Englishmen,68736,3.875,117,1971
Rush It,482963,5,78,1978
Keep Off My Grass!,487873,0.5,90,1975
"Young Love, First Love",435495,3.5,100,1979
Cindy,463290,3,98,1978
Death Driver,278051,3,93,1977
Murph the Surf,254360,3.5,101,1975
Harrad Summer,258906,1,103,1974
The Alpha Caper,247787,4.5,75,1973
Buckstone County Prison,251458,3,116,1978
Thief,252888,4,74,1971
Kill Me If You Can,266104,3.75,100,1977
Train Ride to Hollywood,299121,3.3333333333333335,89,1975
The Ultimate Thrill,298913,2.5,110,1974
Catastrophe,289207,3.5,91,1977
Another Nice Mess,285337,2,66,1972
America Is Hard to See,295678,3,90,1970
"Shoot It Black, Shoot It Blue",296679,0.5,93,1974
Burnout,89550,5,75,1979
Something Short of Paradise,88798,2.5,87,1979
The Stoolie,91938,5,90,1972
Melinda,91485,2,109,1972
Funny Car Summer,100986,3.5,88,1973
Black Rodeo,149641,3,87,1972
Fraternity Row,126947,0.5,101,1977
Hooch,122641,3.5,96,1977
Mysteries From Beyond Earth,86591,2.5,94,1975
"Honeybaby, Honeybaby",220200,1.5,89,1974
My Friends Need Killing,167556,3.5,73,1976
Double Nickels,173595,1,89,1977
A Cry in the Wilderness,202637,3.5,74,1974
Happiness Is...,370901,5,68,1975
I Could Never Have Sex with Any Man Who Has So Little Regard for My Husband,375814,2,86,1973
Julie and Carol at Lincoln Center,378394,4,60,1971
Voyage of the Yes,404123,1.5,75,1973
Tubby the Tuba,325178,2.75,80,1975
Nationtime,666211,3.5,80,1972
Judge Horton and the Scottsboro Boys,688794,2.5,100,1976
The American Game,705481,3.5,89,1979
